,Name,Link
0,Pecan Lodge,https://m.yelp.com//biz/pecan-lodge-dallas-3
1,Maple Leaf Diner,https://m.yelp.com//biz/maple-leaf-diner-dallas
2,Ellen’s,https://m.yelp.com//biz/ellens-dallas-4
3,Meso Maya Comida Y Copas,https://m.yelp.com//biz/meso-maya-comida-y-copas-dallas-4
4,Cattleack Barbeque,https://m.yelp.com//biz/cattleack-barbeque-dallas
5,Hattie’s Restaurant,https://m.yelp.com//biz/hatties-restaurant-dallas
6,Rodeo Goat,https://m.yelp.com//biz/rodeo-goat-dallas
7,The Boiling Crab,https://m.yelp.com//biz/the-boiling-crab-dallas
8,Hungry Belly,https://m.yelp.com//biz/hungry-belly-dallas
9,Mike’s Chicken,https://m.yelp.com//biz/mikes-chicken-dallas
10,The Porch,https://m.yelp.com//biz/the-porch-dallas
11,Smithy,https://m.yelp.com//biz/smithy-dallas
12,rise n°1,https://m.yelp.com//biz/rise-n-1-dallas
13,Smokey John’s Bar-B-Que,https://m.yelp.com//biz/smokey-johns-bar-b-que-dallas
14,Gas Monkey Bar N’ Grill,https://m.yelp.com//biz/gas-monkey-bar-n-grill-dallas
15,Hello Dumpling,https://m.yelp.com//biz/hello-dumpling-dallas
16,Koryo Kalbi Korean BBQ,https://m.yelp.com//biz/koryo-kalbi-korean-bbq-dallas
17,Gemma,https://m.yelp.com//biz/gemma-dallas
18,Streets Fine Chicken,https://m.yelp.com//biz/streets-fine-chicken-dallas-2
19,Homewood,https://m.yelp.com//biz/homewood-dallas
20,Aunt Irene’s Kitchen,https://m.yelp.com//biz/aunt-irenes-kitchen-dallas
21,Maple and Motor,https://m.yelp.com//biz/maple-and-motor-dallas
22,Ephesus Mediterranean Grill,https://m.yelp.com//biz/ephesus-mediterranean-grill-dallas
23,WingBucket,https://m.yelp.com//biz/wingbucket-dallas
24,Whiskers Fish & Burgers,https://m.yelp.com//biz/whiskers-fish-and-burgers-dallas
25,The Woolworth,https://m.yelp.com//biz/the-woolworth-dallas
26,Pappas Bros Steakhouse,https://m.yelp.com//biz/pappas-bros-steakhouse-dallas
27,Caribbean Cabana,https://m.yelp.com//biz/caribbean-cabana-dallas
28,Truck Yard,https://m.yelp.com//biz/truck-yard-dallas
29,Ten Ramen,https://m.yelp.com//biz/ten-ramen-dallas
30,HG SPLY CO - Dallas,https://m.yelp.com//biz/hg-sply-co-dallas-dallas
31,20 Feet Seafood Joint,https://m.yelp.com//biz/20-feet-seafood-joint-dallas
32,Lockhart Smokehouse,https://m.yelp.com//biz/lockhart-smokehouse-dallas
33,The Slow Bone,https://m.yelp.com//biz/the-slow-bone-dallas-2
34,La La Land Kind Cafe,https://m.yelp.com//biz/la-la-land-kind-cafe-dallas
35,Da Munchies,https://m.yelp.com//biz/da-munchies-dallas
36,Off the Bone Barbeque,https://m.yelp.com//biz/off-the-bone-barbeque-dallas
37,The Crab Station - Deep Ellum,https://m.yelp.com//biz/the-crab-station-deep-ellum-dallas-2
38,No.1 Plus Chicken,https://m.yelp.com//biz/no-1-plus-chicken-dallas
39,Asian Mint,https://m.yelp.com//biz/asian-mint-dallas
40,Meddlesome Moth,https://m.yelp.com//biz/meddlesome-moth-dallas
41,Gung Ho,https://m.yelp.com//biz/gung-ho-dallas
42,Dallas Grilled Cheese Co,https://m.yelp.com//biz/dallas-grilled-cheese-co-dallas-2
43,Flower Child,https://m.yelp.com//biz/flower-child-dallas
44,True Food Kitchen,https://m.yelp.com//biz/true-food-kitchen-dallas
45,Mama’s Daughters’ Diner,https://m.yelp.com//biz/mamas-daughters-diner-dallas
46,Public School 214,https://m.yelp.com//biz/public-school-214-dallas-3
47,Uchi,https://m.yelp.com//biz/uchi-dallas
48,Hide,https://m.yelp.com//biz/hide-dallas
49,Off Site Kitchen,https://m.yelp.com//biz/off-site-kitchen-dallas-3
50,Pluckers Wing Bar,https://m.yelp.com//biz/pluckers-wing-bar-dallas
51,CBD Provisions,https://m.yelp.com//biz/cbd-provisions-dallas
52,Crushcraft Thai Eats,https://m.yelp.com//biz/crushcraft-thai-eats-dallas-7
53,Grand Lux Cafe,https://m.yelp.com//biz/grand-lux-cafe-dallas
54,Dugg Burger - Casa Linda Plaza,https://m.yelp.com//biz/dugg-burger-casa-linda-plaza-dallas
55,Neighborhood Services,https://m.yelp.com//biz/neighborhood-services-dallas
56,Uncle Uber’s,https://m.yelp.com//biz/uncle-ubers-dallas-2
57,Beto & Son,https://m.yelp.com//biz/beto-and-son-dallas-2
58,LUCK at Trinity Groves,https://m.yelp.com//biz/luck-at-trinity-groves-dallas-2
59,Babe’s,https://m.yelp.com//biz/babes-dallas
60,Zåtar,https://m.yelp.com//biz/z%C3%A5tar-dallas
61,Si Tapas,https://m.yelp.com//biz/si-tapas-dallas
62,Burning Rice,https://m.yelp.com//biz/burning-rice-dallas
63,The Charles,https://m.yelp.com//biz/the-charles-dallas-2
64,Hillstone Restaurant,https://m.yelp.com//biz/hillstone-restaurant-dallas
65,Maple Landing,https://m.yelp.com//biz/maple-landing-dallas
66,Kalachandji’s,https://m.yelp.com//biz/kalachandjis-dallas-2
67,Aloha Hawaiian Barbecue,https://m.yelp.com//biz/aloha-hawaiian-barbecue-dallas
68,Twisted Trompo,https://m.yelp.com//biz/twisted-trompo-dallas
69,The Crab Station - Walnut Dallas,https://m.yelp.com//biz/the-crab-station-walnut-dallas-dallas
70,Texas Spice,https://m.yelp.com//biz/texas-spice-dallas
71,K’s House,https://m.yelp.com//biz/k-s-house-dallas
72,Wabi House,https://m.yelp.com//biz/wabi-house-dallas
73,Lovers Seafood And Market,https://m.yelp.com//biz/lovers-seafood-and-market-dallas
74,Ichiro Ramen Shop,https://m.yelp.com//biz/ichiro-ramen-shop-dallas
75,Hero,https://m.yelp.com//biz/hero-dallas-3
76,R+D Kitchen,https://m.yelp.com//biz/r-d-kitchen-dallas
77,Doma Seolleongtang,https://m.yelp.com//biz/doma-seolleongtang-dallas-2
78,Monkey King Noodle,https://m.yelp.com//biz/monkey-king-noodle-dallas
79,Celebration,https://m.yelp.com//biz/celebration-dallas-3
80,Hudson House,https://m.yelp.com//biz/hudson-house-dallas
81,il Bracco,https://m.yelp.com//biz/il-bracco-dallas
82,The People’s Last Stand,https://m.yelp.com//biz/the-peoples-last-stand-dallas-3
83,Bucky Moonshine’s,https://m.yelp.com//biz/bucky-moonshines-dallas-2
84,Havana Cafe,https://m.yelp.com//biz/havana-cafe-dallas
85,Lucia,https://m.yelp.com//biz/lucia-dallas
86,Sixty Vines,https://m.yelp.com//biz/sixty-vines-dallas
87,The Honor Bar,https://m.yelp.com//biz/the-honor-bar-dallas
88,Cheesesteak House,https://m.yelp.com//biz/cheesesteak-house-dallas
89,Niwa Japanese BBQ,https://m.yelp.com//biz/niwa-japanese-bbq-dallas
90,Nazca Kitchen,https://m.yelp.com//biz/nazca-kitchen-dallas
91,Dallas Grilled Cheese Co,https://m.yelp.com//biz/dallas-grilled-cheese-co-dallas-3
92,Stock & Barrel,https://m.yelp.com//biz/stock-and-barrel-dallas
93,Cafe Izmir,https://m.yelp.com//biz/cafe-izmir-dallas
94,North Italia,https://m.yelp.com//biz/north-italia-dallas-4
95,Maya’s Modern Mediterranean,https://m.yelp.com//biz/mayas-modern-mediterranean-dallas-2
96,Pappadeaux Seafood Kitchen,https://m.yelp.com//biz/pappadeaux-seafood-kitchen-dallas
97,Elaine’s Kitchen,https://m.yelp.com//biz/elaines-kitchen-dallas
98,The Grape Restaurant,https://m.yelp.com//biz/the-grape-restaurant-dallas
99,The Biscuit Bar,https://m.yelp.com//biz/the-biscuit-bar-university-park
100,Goodfriend Beer Garden & Burger House,https://m.yelp.com//biz/goodfriend-beer-garden-and-burger-house-dallas
101,Perry’s Steakhouse & Grille - Uptown Dallas,https://m.yelp.com//biz/perrys-steakhouse-and-grille-uptown-dallas-dallas
102,Big Tony’s West Philly Cheesesteaks,https://m.yelp.com//biz/big-tonys-west-philly-cheesesteaks-dallas
103,Blatt Beer & Table,https://m.yelp.com//biz/blatt-beer-and-table-dallas-2
104,Blues Burgers,https://m.yelp.com//biz/blues-burgers-dallas
105,El Tacaso,https://m.yelp.com//biz/el-tacaso-dallas
106,El Come Taco,https://m.yelp.com//biz/el-come-taco-dallas
107,Grimaldi’s Pizzeria,https://m.yelp.com//biz/grimaldis-pizzeria-dallas-2
108,Shake Shack,https://m.yelp.com//biz/shake-shack-dallas
109,Hola Cafe Dallas,https://m.yelp.com//biz/hola-cafe-dallas-dallas-2
110,Twisted Root Burger,https://m.yelp.com//biz/twisted-root-burger-dallas
111,Cane Rosso,https://m.yelp.com//biz/cane-rosso-dallas
112,Nova,https://m.yelp.com//biz/nova-dallas
113,Royal China,https://m.yelp.com//biz/royal-china-dallas
114,El Palote Panaderia,https://m.yelp.com//biz/el-palote-panaderia-dallas
115,Rapscallion,https://m.yelp.com//biz/rapscallion-dallas
116,Town Hearth,https://m.yelp.com//biz/town-hearth-dallas
117,Mario Bros Tacos,https://m.yelp.com//biz/mario-bros-tacos-dallas
118,Nonna Restaurant,https://m.yelp.com//biz/nonna-restaurant-dallas
119,Water Grill - Dallas,https://m.yelp.com//biz/water-grill-dallas-dallas
120,Gabriela & Sofia’s Tex-Mex,https://m.yelp.com//biz/gabriela-and-sofias-tex-mex-dallas
121,Momo Shack Himalayan Dumplings,https://m.yelp.com//biz/momo-shack-himalayan-dumplings-dallas
122,Montlake Cut,https://m.yelp.com//biz/montlake-cut-dallas
123,Coco’s Fire & Ice,https://m.yelp.com//biz/coco-s-fire-and-ice-dallas
124,Velvet Taco,https://m.yelp.com//biz/velvet-taco-dallas
125,The Henry,https://m.yelp.com//biz/the-henry-dallas-2
126,Brickhouse Burgers and Shakes,https://m.yelp.com//biz/brickhouse-burgers-and-shakes-dallas
127,New York Eats,https://m.yelp.com//biz/new-york-eats-dallas-2
128,bartaco Preston,https://m.yelp.com//biz/bartaco-preston-dallas
129,Knife,https://m.yelp.com//biz/knife-dallas-2
130,Jack’s Kitchen,https://m.yelp.com//biz/jacks-kitchen-dallas-2
131,Original ChopShop,https://m.yelp.com//biz/original-chopshop-dallas-6
132,Ten Bells Tavern,https://m.yelp.com//biz/ten-bells-tavern-dallas
133,Corrientes 348 Argentinian Steakhouse,https://m.yelp.com//biz/corrientes-348-argentinian-steakhouse-dallas
134,Angry Dog,https://m.yelp.com//biz/angry-dog-dallas
135,Cane Rosso,https://m.yelp.com//biz/cane-rosso-dallas-2
136,TJ’s Seafood Market & Grill,https://m.yelp.com//biz/tjs-seafood-market-and-grill-dallas-2
137,TX BBQ & Burgers,https://m.yelp.com//biz/tx-bbq-and-burgers-dallas-2
138,Fachini,https://m.yelp.com//biz/fachini-dallas
139,Big Guy’s Chicken & Rice,https://m.yelp.com//biz/big-guys-chicken-and-rice-dallas
140,Suze,https://m.yelp.com//biz/suze-dallas
141,Dean’s Smokin Bbq,https://m.yelp.com//biz/deans-smokin-bbq-dallas
142,Medina Oven & Bar,https://m.yelp.com//biz/medina-oven-and-bar-dallas
143,SkinnyFATS,https://m.yelp.com//biz/skinnyfats-dallas
144,Rex’s Seafood and Market,https://m.yelp.com//biz/rexs-seafood-and-market-dallas-3
145,Mot Hai Ba,https://m.yelp.com//biz/mot-hai-ba-dallas
146,King Buffet,https://m.yelp.com//biz/king-buffet-dallas
147,Hopdoddy Burger Bar,https://m.yelp.com//biz/hopdoddy-burger-bar-dallas-5
148,Duc Chuong Midnite Bun Bo Hue,https://m.yelp.com//biz/duc-chuong-midnite-bun-bo-hue-dallas
149,Stackhouse,https://m.yelp.com//biz/stackhouse-dallas
150,bbbop Seoul Kitchen,https://m.yelp.com//biz/bbbop-seoul-kitchen-dallas-2
151,Tejas,https://m.yelp.com//biz/tejas-dallas
152,The Rustic,https://m.yelp.com//biz/the-rustic-dallas
153,The Crab Station - Walnut Dallas,https://m.yelp.com//biz/the-crab-station-walnut-dallas-dallas
154,El Tacaso,https://m.yelp.com//biz/el-tacaso-dallas
155,Wheelhouse,https://m.yelp.com//biz/wheelhouse-dallas-2
156,Cheesesteak House,https://m.yelp.com//biz/cheesesteak-house-dallas
157,Blues Burgers,https://m.yelp.com//biz/blues-burgers-dallas
158,Suze,https://m.yelp.com//biz/suze-dallas
159,Pappasito’s Cantina,https://m.yelp.com//biz/pappasitos-cantina-dallas
160,Montlake Cut,https://m.yelp.com//biz/montlake-cut-dallas
161,Big Guy’s Chicken & Rice,https://m.yelp.com//biz/big-guys-chicken-and-rice-dallas
162,Desta Ethiopian Restaurant,https://m.yelp.com//biz/desta-ethiopian-restaurant-dallas
163,Kuai Asian Kitchen,https://m.yelp.com//biz/kuai-asian-kitchen-dallas-3
164,Toulouse Café and Bar,https://m.yelp.com//biz/toulouse-caf%C3%A9-and-bar-dallas-2
165,Oddfellows,https://m.yelp.com//biz/oddfellows-dallas
166,Norma’s Cafe,https://m.yelp.com//biz/normas-cafe-dallas-2
167,Social Pie,https://m.yelp.com//biz/social-pie-dallas
168,bbbop Seoul Kitchen R&D,https://m.yelp.com//biz/bbbop-seoul-kitchen-r-and-d-dallas
169,Bolsa,https://m.yelp.com//biz/bolsa-dallas
170,Maya’s Modern Mediterranean,https://m.yelp.com//biz/mayas-modern-mediterranean-dallas-2
171,The Mansion Restaurant,https://m.yelp.com//biz/the-mansion-restaurant-dallas-9
172,Stackhouse,https://m.yelp.com//biz/stackhouse-dallas
173,Taqueria La Ventana,https://m.yelp.com//biz/taqueria-la-ventana-dallas-5
174,Braindead Brewing,https://m.yelp.com//biz/braindead-brewing-dallas-2
175,Spiral Diner & Bakery,https://m.yelp.com//biz/spiral-diner-and-bakery-dallas
176,King Buffet,https://m.yelp.com//biz/king-buffet-dallas
177,The Lot,https://m.yelp.com//biz/the-lot-dallas
178,Pink Magnolia,https://m.yelp.com//biz/pink-magnolia-dallas
179,Hopdoddy Burger Bar,https://m.yelp.com//biz/hopdoddy-burger-bar-dallas-2
180,S&D Oyster Company,https://m.yelp.com//biz/s-and-d-oyster-company-dallas-2
181,Dylan’s Barbeque Saloon,https://m.yelp.com//biz/dylans-barbeque-saloon-dallas
182,Jonathon’s Oak Cliff,https://m.yelp.com//biz/jonathons-oak-cliff-dallas
183,TJ’s Seafood Market & Grill,https://m.yelp.com//biz/tjs-seafood-market-and-grill-dallas-2
184,Boulevardier,https://m.yelp.com//biz/boulevardier-dallas
185,"Snooze, an A.M. Eatery",https://m.yelp.com//biz/snooze-an-a-m-eatery-dallas-5
186,Casa Linda Salvadorian Cuisine,https://m.yelp.com//biz/casa-linda-salvadorian-cuisine-dallas
187,Flaming Cheese Saganaki,https://m.yelp.com//biz/flaming-cheese-saganaki-dallas
188,Szechuan Chinese Restaurant,https://m.yelp.com//biz/szechuan-chinese-restaurant-dallas-2
189,El Ranchito,https://m.yelp.com//biz/el-ranchito-dallas
190,Ddukbaegi - Hot Pot Korean,https://m.yelp.com//biz/ddukbaegi-hot-pot-korean-dallas
191,STIRR,https://m.yelp.com//biz/stirr-dallas
192,Zaap Kitchen Lao & Thai Street Eats,https://m.yelp.com//biz/zaap-kitchen-lao-and-thai-street-eats-dallas
193,Nick & Sam’s,https://m.yelp.com//biz/nick-and-sams-dallas
194,Y O Ranch Steakhouse,https://m.yelp.com//biz/y-o-ranch-steakhouse-dallas-2
195,Bugatti Ristorante,https://m.yelp.com//biz/bugatti-ristorante-dallas
196,Burnin92,https://m.yelp.com//biz/burnin92-dallas
197,Truluck’s,https://m.yelp.com//biz/trulucks-dallas-2
198,Chicken Scratch,https://m.yelp.com//biz/chicken-scratch-dallas
199,RJ Mexican Cuisine,https://m.yelp.com//biz/rj-mexican-cuisine-dallas
200,ONENTWO Chicken,https://m.yelp.com//biz/onentwo-chicken-dallas-2
201,Sundown at Granada,https://m.yelp.com//biz/sundown-at-granada-dallas-2
202,Ferris Wheelers Backyard & BBQ,https://m.yelp.com//biz/ferris-wheelers-backyard-and-bbq-dallas
203,Frankie’s Downtown,https://m.yelp.com//biz/frankies-downtown-dallas-3
204,Sunset Crab Shack,https://m.yelp.com//biz/sunset-crab-shack-dallas-3
205,Petra and the Beast,https://m.yelp.com//biz/petra-and-the-beast-dallas
206,Jack’s Kitchen,https://m.yelp.com//biz/jacks-kitchen-dallas-2
207,Pappadeaux Seafood Kitchen,https://m.yelp.com//biz/pappadeaux-seafood-kitchen-dallas-5
208,Moxie’s Grill & Bar,https://m.yelp.com//biz/moxies-grill-and-bar-dallas
209,Open Sesame,https://m.yelp.com//biz/open-sesame-dallas
210,Chop House Burger,https://m.yelp.com//biz/chop-house-burger-dallas
211,Flying Fish,https://m.yelp.com//biz/flying-fish-dallas-6
212,Shake Shack,https://m.yelp.com//biz/shake-shack-dallas-4
213,Royal Thai,https://m.yelp.com//biz/royal-thai-dallas
214,European In Texas Market & Deli,https://m.yelp.com//biz/european-in-texas-market-and-deli-dallas-2
215,TX BBQ & Burgers,https://m.yelp.com//biz/tx-bbq-and-burgers-dallas-2
216,Paul Martin’s American Grill,https://m.yelp.com//biz/paul-martins-american-grill-dallas
217,Dolce Riviera,https://m.yelp.com//biz/dolce-riviera-dallas
218,Flying Fish - Dallas,https://m.yelp.com//biz/flying-fish-dallas-dallas
219,Mario Bros Tacos,https://m.yelp.com//biz/mario-bros-tacos-dallas
220,Firexbox,https://m.yelp.com//biz/firexbox-dallas
221,Neighborhood Services Bar Room & Broiler,https://m.yelp.com//biz/neighborhood-services-bar-room-and-broiler-dallas-2
222,Not Just Q,https://m.yelp.com//biz/not-just-q-dallas-2
223,Campisi’s Restaurant,https://m.yelp.com//biz/campisis-restaurant-dallas-9
224,Backyard,https://m.yelp.com//biz/backyard-dallas-4
225,Dal Dong Nae,https://m.yelp.com//biz/dal-dong-nae-dallas-2
226,Thai Thai Restaurant,https://m.yelp.com//biz/thai-thai-restaurant-dallas
227,The Halal Guys,https://m.yelp.com//biz/the-halal-guys-dallas-3
228,Grub Burger Bar,https://m.yelp.com//biz/grub-burger-bar-dallas
229,Republic Texas Tavern,https://m.yelp.com//biz/republic-texas-tavern-dallas
230,Pacific Deck Dallas,https://m.yelp.com//biz/pacific-deck-dallas-dallas
231,Samad Cafe,https://m.yelp.com//biz/samad-cafe-dallas
232,Seasons 52,https://m.yelp.com//biz/seasons-52-dallas-2
233,Bone Daddy’s,https://m.yelp.com//biz/bone-daddys-dallas
234,Tacolicious,https://m.yelp.com//biz/tacolicious-dallas
235,Ziziki’s,https://m.yelp.com//biz/zizikis-dallas-2
236,Big Mama’s Chicken & Waffles,https://m.yelp.com//biz/big-mamas-chicken-and-waffles-dallas
237,Mike Anderson’s BBQ House,https://m.yelp.com//biz/mike-andersons-bbq-house-dallas
238,Little Greek Fresh Grill,https://m.yelp.com//biz/little-greek-fresh-grill-dallas-2
239,Hunky’s Hamburgers,https://m.yelp.com//biz/hunkys-hamburgers-dallas-2
240,Jimmy’s Food Store,https://m.yelp.com//biz/jimmys-food-store-dallas
241,Dunston’s Steak House,https://m.yelp.com//biz/dunstons-steak-house-dallas
242,Mia’s Tex-Mex Restaurant,https://m.yelp.com//biz/mias-tex-mex-restaurant-dallas
243,Cafe Pacific,https://m.yelp.com//biz/cafe-pacific-dallas
244,Cosmic Café,https://m.yelp.com//biz/cosmic-caf%C3%A9-dallas-3
245,The French Room,https://m.yelp.com//biz/the-french-room-dallas-4
246,DK Döner & Kebab Eats,https://m.yelp.com//biz/dk-d%C3%B6ner-and-kebab-eats-dallas-3
247,Italia Express,https://m.yelp.com//biz/italia-express-dallas-4
248,Chilangos Tacos,https://m.yelp.com//biz/chilangos-tacos-dallas
249,Chip’s Old Fashioned Hamburgers,https://m.yelp.com//biz/chips-old-fashioned-hamburgers-dallas-2
250,Iron Cactus Mexican Grill and Margarita Bar,https://m.yelp.com//biz/iron-cactus-mexican-grill-and-margarita-bar-dallas-3
251,Tulum,https://m.yelp.com//biz/tulum-dallas
252,Taco y Vino,https://m.yelp.com//biz/taco-y-vino-dallas-2
253,Velvet Taco,https://m.yelp.com//biz/velvet-taco-dallas-2
254,Bread Winners Cafe & Bakery,https://m.yelp.com//biz/bread-winners-cafe-and-bakery-dallas-9
255,Sevy’s Grill,https://m.yelp.com//biz/sevys-grill-dallas
256,Arepa TX,https://m.yelp.com//biz/arepa-tx-dallas
257,Sapa House,https://m.yelp.com//biz/sapa-house-dallas
258,Rex’s Seafood and Market,https://m.yelp.com//biz/rexs-seafood-and-market-dallas-3
259,Molcajetes,https://m.yelp.com//biz/molcajetes-dallas
260,Freshella Kitchen,https://m.yelp.com//biz/freshella-kitchen-dallas
261,Ceviche Oyster Bar,https://m.yelp.com//biz/ceviche-oyster-bar-dallas
262,Brick & Bones,https://m.yelp.com//biz/brick-and-bones-dallas
263,Serious Pizza,https://m.yelp.com//biz/serious-pizza-dallas
264,Mi Lindo Oaxaca Restaurant,https://m.yelp.com//biz/mi-lindo-oaxaca-restaurant-dallas
265,Terilli’s Restaurant & Bar,https://m.yelp.com//biz/terillis-restaurant-and-bar-dallas-4
266,Keller’s Drive-In,https://m.yelp.com//biz/kellers-drive-in-dallas
267,ONE90 Smoked Meats,https://m.yelp.com//biz/one90-smoked-meats-dallas
268,Sura Korean Bistro,https://m.yelp.com//biz/sura-korean-bistro-dallas-3
269,Aw Shucks Oyster Bar,https://m.yelp.com//biz/aw-shucks-oyster-bar-dallas
270,Armoury DE,https://m.yelp.com//biz/armoury-de-dallas
271,Dunston’s Steak House,https://m.yelp.com//biz/dunstons-steak-house-dallas
272,Sundown at Granada,https://m.yelp.com//biz/sundown-at-granada-dallas-2
273,Rocking Crab,https://m.yelp.com//biz/rocking-crab-dallas
274,Big Mama’s Chicken & Waffles,https://m.yelp.com//biz/big-mamas-chicken-and-waffles-dallas
275,Whisk Crepes Cafe,https://m.yelp.com//biz/whisk-crepes-cafe-dallas
276,Punch Bowl Social Dallas,https://m.yelp.com//biz/punch-bowl-social-dallas-dallas
277,Stiky Ribz Bbq,https://m.yelp.com//biz/stiky-ribz-bbq-dallas
278,The Halal Guys,https://m.yelp.com//biz/the-halal-guys-dallas-3
279,Paradiso,https://m.yelp.com//biz/paradiso-dallas
280,Pappadeaux Seafood Kitchen,https://m.yelp.com//biz/pappadeaux-seafood-kitchen-dallas-5
281,City Hall Bistro,https://m.yelp.com//biz/city-hall-bistro-dallas
282,Two Guys From Italy,https://m.yelp.com//biz/two-guys-from-italy-dallas
283,Toulouse Café and Bar,https://m.yelp.com//biz/toulouse-caf%C3%A9-and-bar-dallas-2
284,Southside Steaks & Cakes,https://m.yelp.com//biz/southside-steaks-and-cakes-dallas
285,Thai Thai Restaurant,https://m.yelp.com//biz/thai-thai-restaurant-dallas
286,Bullion,https://m.yelp.com//biz/bullion-dallas
287,Dolce Riviera,https://m.yelp.com//biz/dolce-riviera-dallas
288,Cock & Bull,https://m.yelp.com//biz/cock-and-bull-dallas
289,Ruins,https://m.yelp.com//biz/ruins-dallas-3
290,Beverley’s Bistro & Bar,https://m.yelp.com//biz/beverley-s-bistro-and-bar-dallas
291,Sassetta,https://m.yelp.com//biz/sassetta-dallas-2
292,Chelsea Corner,https://m.yelp.com//biz/chelsea-corner-dallas
293,Burger Bueno,https://m.yelp.com//biz/burger-bueno-dallas
294,Resident Taqueria,https://m.yelp.com//biz/resident-taqueria-dallas-3
295,The Local Oak,https://m.yelp.com//biz/the-local-oak-dallas
296,Aw Shucks Oyster Bar,https://m.yelp.com//biz/aw-shucks-oyster-bar-dallas
297,Campisi’s Restaurant,https://m.yelp.com//biz/campisis-restaurant-dallas-9
298,Becerra’s Tamales,https://m.yelp.com//biz/becerras-tamales-dallas-9
299,Paul Martin’s American Grill,https://m.yelp.com//biz/paul-martins-american-grill-dallas
300,Yama Sushi,https://m.yelp.com//biz/yama-sushi-dallas-2
301,Trompo,https://m.yelp.com//biz/trompo-dallas
302,Lucky Cat Vegan,https://m.yelp.com//biz/lucky-cat-vegan-dallas
303,Resident Taqueria,https://m.yelp.com//biz/resident-taqueria-dallas-3
304,José,https://m.yelp.com//biz/jos%C3%A9-dallas-5
305,Billy Can Can,https://m.yelp.com//biz/billy-can-can-dallas-4
306,Spice In The City Dallas,https://m.yelp.com//biz/spice-in-the-city-dallas-dallas
307,Café Momentum,https://m.yelp.com//biz/caf%C3%A9-momentum-dallas-2
308,Ruins,https://m.yelp.com//biz/ruins-dallas-3
309,Alamo Club,https://m.yelp.com//biz/alamo-club-dallas
310,Local,https://m.yelp.com//biz/local-dallas
311,Malai Kitchen,https://m.yelp.com//biz/malai-kitchen-dallas
312,Henry’s Majestic,https://m.yelp.com//biz/henrys-majestic-dallas
313,CiboDivino Marketplace,https://m.yelp.com//biz/cibodivino-marketplace-dallas
314,Greenville Avenue Pizza,https://m.yelp.com//biz/greenville-avenue-pizza-dallas-2
315,Macellaio,https://m.yelp.com//biz/macellaio-dallas-2
316,Sachet,https://m.yelp.com//biz/sachet-dallas
317,Street’s Fine Chicken,https://m.yelp.com//biz/streets-fine-chicken-dallas-4
318,Vaka Lokka,https://m.yelp.com//biz/vaka-lokka-dallas
319,State & Allen,https://m.yelp.com//biz/state-and-allen-dallas-2
320,Punch Bowl Social Dallas,https://m.yelp.com//biz/punch-bowl-social-dallas-dallas
321,Frank - Temp. CLOSED,https://m.yelp.com//biz/frank-dallas-2
322,Gallo Nero,https://m.yelp.com//biz/gallo-nero-dallas-3
323,Beverley’s Bistro & Bar,https://m.yelp.com//biz/beverley-s-bistro-and-bar-dallas
324,The Foundry,https://m.yelp.com//biz/the-foundry-dallas
325,Bullion,https://m.yelp.com//biz/bullion-dallas
326,Eno’s Pizza Tavern,https://m.yelp.com//biz/enos-pizza-tavern-dallas
327,The Oceanaire Seafood Room,https://m.yelp.com//biz/the-oceanaire-seafood-room-dallas
328,Dallas Fish Market,https://m.yelp.com//biz/dallas-fish-market-dallas
329,Olivella’s Neo Pizza Napoletana,https://m.yelp.com//biz/olivellas-neo-pizza-napoletana-dallas-3
330,WAVA HALAL GRILL,https://m.yelp.com//biz/wava-halal-grill-dallas
331,The Local Oak,https://m.yelp.com//biz/the-local-oak-dallas
332,Ragin’ Crab Cafe,https://m.yelp.com//biz/ragin-crab-cafe-dallas-2
333,Two Guys From Italy,https://m.yelp.com//biz/two-guys-from-italy-dallas
334,Southside Steaks & Cakes,https://m.yelp.com//biz/southside-steaks-and-cakes-dallas
335,Mi Cocina,https://m.yelp.com//biz/mi-cocina-dallas-7
336,Taqueria El Paisano No 1,https://m.yelp.com//biz/taqueria-el-paisano-no-1-dallas
337,Bistro B,https://m.yelp.com//biz/bistro-b-dallas
338,Armoury DE,https://m.yelp.com//biz/armoury-de-dallas
339,Saucy’s Thai + Pho,https://m.yelp.com//biz/saucys-thai-pho-dallas
340,Shinsei,https://m.yelp.com//biz/shinsei-dallas
341,Smoky Rose,https://m.yelp.com//biz/smoky-rose-dallas
342,Razzoo’s Cajun Cafe,https://m.yelp.com//biz/razzoo-s-cajun-cafe-dallas
343,HQ PRIME Beer Garden,https://m.yelp.com//biz/hq-prime-beer-garden-dallas-3
344,Nurungji Chicken,https://m.yelp.com//biz/nurungji-chicken-dallas
345,Saint Ann Restaurant & Bar,https://m.yelp.com//biz/saint-ann-restaurant-and-bar-dallas-2
346,Tacos La Banqueta,https://m.yelp.com//biz/tacos-la-banqueta-dallas-4
347,Simply Fondue,https://m.yelp.com//biz/simply-fondue-dallas-2
348,Gators,https://m.yelp.com//biz/gators-dallas-4
349,Pho Is For Lovers,https://m.yelp.com//biz/pho-is-for-lovers-dallas-2
350,JGs Old Fashioned Hamburgers,https://m.yelp.com//biz/jgs-old-fashioned-hamburgers-dallas
351,Bubba’s Cooks Country,https://m.yelp.com//biz/bubbas-cooks-country-dallas
352,Rocking Crab,https://m.yelp.com//biz/rocking-crab-dallas
353,Lee Harvey’s,https://m.yelp.com//biz/lee-harveys-dallas
354,La Calle Doce,https://m.yelp.com//biz/la-calle-doce-dallas-2
355,Fogo de Chão Brazilian Steakhouse,https://m.yelp.com//biz/fogo-de-ch%C3%A3o-brazilian-steakhouse-dallas-4
356,Becerra’s Tamales,https://m.yelp.com//biz/becerras-tamales-dallas-9
357,Snooze an A.M. Eatery,https://m.yelp.com//biz/snooze-an-a-m-eatery-dallas-8
358,Mesa,https://m.yelp.com//biz/mesa-dallas
359,Deep Sushi,https://m.yelp.com//biz/deep-sushi-dallas
360,Taco Joint,https://m.yelp.com//biz/taco-joint-dallas
361,Lakewood Smokehouse,https://m.yelp.com//biz/lakewood-smokehouse-dallas
362,NOLA Brasserie,https://m.yelp.com//biz/nola-brasserie-dallas
363,Si Lom,https://m.yelp.com//biz/si-lom-dallas
364,Taqueria La Ventana,https://m.yelp.com//biz/taqueria-la-ventana-dallas-4
365,Spaghetti Warehouse,https://m.yelp.com//biz/spaghetti-warehouse-dallas
366,Nosh Bistro,https://m.yelp.com//biz/nosh-bistro-dallas
367,Thai Opal,https://m.yelp.com//biz/thai-opal-dallas
368,Tortas Insurgentes,https://m.yelp.com//biz/tortas-insurgentes-dallas-2
369,Saint Rocco’s New York Italian,https://m.yelp.com//biz/saint-roccos-new-york-italian-dallas-2
370,Taverna,https://m.yelp.com//biz/taverna-dallas-2
371,Avanti Ristorante,https://m.yelp.com//biz/avanti-ristorante-dallas-7
372,Henk’s European Deli & Black Forest Bakery,https://m.yelp.com//biz/henks-european-deli-and-black-forest-bakery-dallas
373,Chicken House,https://m.yelp.com//biz/chicken-house-dallas
374,Arepa Nation,https://m.yelp.com//biz/arepa-nation-dallas
375,Sprezza,https://m.yelp.com//biz/sprezza-dallas
376,Feed Company,https://m.yelp.com//biz/feed-company-dallas
377,Cousins Maine Lobster - Dallas/Ft. Worth,https://m.yelp.com//biz/cousins-maine-lobster-dallas-ft-worth-dallas
378,Bombshells Restaurant & Bar,https://m.yelp.com//biz/bombshells-restaurant-and-bar-dallas
379,Torchy’s Tacos,https://m.yelp.com//biz/torchys-tacos-dallas
380,Doña maria,https://m.yelp.com//biz/do%C3%B1a-maria-dallas
381,Carbone’s,https://m.yelp.com//biz/carbones-dallas
382,Tako Korean BBQ Tacos & More,https://m.yelp.com//biz/tako-korean-bbq-tacos-and-more-dallas
383,DanSungSa,https://m.yelp.com//biz/dansungsa-dallas
384,BurgerFi,https://m.yelp.com//biz/burgerfi-dallas
385,Cajun Seafood & Wings,https://m.yelp.com//biz/cajun-seafood-and-wings-dallas
386,Bandito’s Tex-Mex Cantina,https://m.yelp.com//biz/banditos-tex-mex-cantina-dallas
387,Amberjax Fish Market Grille,https://m.yelp.com//biz/amberjax-fish-market-grille-dallas
388,Meso Maya Comida Y Copas,https://m.yelp.com//biz/meso-maya-comida-y-copas-dallas
389,Lounge Here,https://m.yelp.com//biz/lounge-here-dallas
390,Smoky Rose,https://m.yelp.com//biz/smoky-rose-dallas
391,Cafe Pacific,https://m.yelp.com//biz/cafe-pacific-dallas
392,Bob’s Steak & Chop House,https://m.yelp.com//biz/bobs-steak-and-chop-house-dallas-2
393,San Martín Bakery & Restaurant,https://m.yelp.com//biz/san-mart%C3%ADn-bakery-and-restaurant-dallas-2
394,Oishii,https://m.yelp.com//biz/oishii-dallas-3
395,Meso Maya Comida Y Copas,https://m.yelp.com//biz/meso-maya-comida-y-copas-dallas
396,JINYA Ramen Bar,https://m.yelp.com//biz/jinya-ramen-bar-dallas-3
397,Tacos Patron,https://m.yelp.com//biz/tacos-patron-dallas
398,Avanti Ristorante,https://m.yelp.com//biz/avanti-ristorante-dallas-7
399,Carbone’s,https://m.yelp.com//biz/carbones-dallas
400,Palapas Seafood Bar,https://m.yelp.com//biz/palapas-seafood-bar-dallas
401,Razzoo’s Cajun Cafe,https://m.yelp.com//biz/razzoo-s-cajun-cafe-dallas
402,Victor Hugo’s - VH,https://m.yelp.com//biz/victor-hugos-vh-dallas
403,Bubba’s Cooks Country,https://m.yelp.com//biz/bubbas-cooks-country-dallas
404,Bombshells Restaurant & Bar,https://m.yelp.com//biz/bombshells-restaurant-and-bar-dallas
405,Merchant House,https://m.yelp.com//biz/merchant-house-dallas
406,Tacos Mariachi,https://m.yelp.com//biz/tacos-mariachi-dallas-3
407,DaLat Vietnamese Restaurant & Bar,https://m.yelp.com//biz/dalat-vietnamese-restaurant-and-bar-dallas
408,White Rock Alehouse & Brewery,https://m.yelp.com//biz/white-rock-alehouse-and-brewery-dallas-3
409,Mi Cocina,https://m.yelp.com//biz/mi-cocina-dallas-6
410,Mi Lindo Oaxaca Restaurant,https://m.yelp.com//biz/mi-lindo-oaxaca-restaurant-dallas
411,Mami Coco,https://m.yelp.com//biz/mami-coco-dallas-2
412,Taqueria El Si Hay,https://m.yelp.com//biz/taqueria-el-si-hay-dallas
413,El Rincon del D F,https://m.yelp.com//biz/el-rincon-del-d-f-dallas
414,The Green Room,https://m.yelp.com//biz/the-green-room-dallas-3
415,Laurel Tavern,https://m.yelp.com//biz/laurel-tavern-dallas
416,Norma’s Cafe,https://m.yelp.com//biz/normas-cafe-dallas-7
417,Tei-An,https://m.yelp.com//biz/tei-an-dallas
418,Sasa Sushi,https://m.yelp.com//biz/sasa-sushi-dallas-2
419,Roti Modern Mediterranean,https://m.yelp.com//biz/roti-modern-mediterranean-dallas-2
420,Sprezza,https://m.yelp.com//biz/sprezza-dallas
421,Salaryman,https://m.yelp.com//biz/salaryman-dallas
422,Fogo de Chão Brazilian Steakhouse,https://m.yelp.com//biz/fogo-de-ch%C3%A3o-brazilian-steakhouse-dallas-4
423,Bison Bar & Grill,https://m.yelp.com//biz/bison-bar-and-grill-dallas-4
424,Torchy’s Tacos,https://m.yelp.com//biz/torchys-tacos-dallas
425,Snooze an A.M. Eatery,https://m.yelp.com//biz/snooze-an-a-m-eatery-dallas-8
426,Midnight Rambler,https://m.yelp.com//biz/midnight-rambler-dallas
427,Haystack Burgers & Barley,https://m.yelp.com//biz/haystack-burgers-and-barley-dallas-2
428,DanSungSa,https://m.yelp.com//biz/dansungsa-dallas
429,Ocean Shak,https://m.yelp.com//biz/ocean-shak-dallas-2
430,Gators,https://m.yelp.com//biz/gators-dallas-4
431,El Vecino,https://m.yelp.com//biz/el-vecino-dallas-2
432,Greek Isles Grille & Taverna,https://m.yelp.com//biz/greek-isles-grille-and-taverna-dallas
433,Fearing’s Restaurant,https://m.yelp.com//biz/fearings-restaurant-dallas
434,Doc B’s Restaurant + Bar,https://m.yelp.com//biz/doc-bs-restaurant-bar-dallas-2
435,Desperados Mexican Restaurant,https://m.yelp.com//biz/desperados-mexican-restaurant-dallas
436,Happy Fish de Dallas,https://m.yelp.com//biz/happy-fish-de-dallas-dallas
437,Seafood Shack,https://m.yelp.com//biz/seafood-shack-dallas
438,Fast Furious Japanese Grill,https://m.yelp.com//biz/fast-furious-japanese-grill-dallas
439,Halal Mother Truckers,https://m.yelp.com//biz/halal-mother-truckers-dallas-2
440,The Owners Box,https://m.yelp.com//biz/the-owners-box-dallas
441,Scardello,https://m.yelp.com//biz/scardello-dallas
442,Sonny Bryans Smokehouse - Inwood “The Original”,https://m.yelp.com//biz/sonny-bryans-smokehouse-inwood-the-original-dallas-2
443,Pie Tap Pizza Workshop + Bar,https://m.yelp.com//biz/pie-tap-pizza-workshop-bar-dallas-3
444,Baby Back Shak,https://m.yelp.com//biz/baby-back-shak-dallas
445,Strangeways,https://m.yelp.com//biz/strangeways-dallas
446,The Original Snappy Catfish,https://m.yelp.com//biz/the-original-snappy-catfish-dallas-3
447,Mudhen Meat and Greens,https://m.yelp.com//biz/mudhen-meat-and-greens-dallas-2
448,Grange Hall Restaurant,https://m.yelp.com//biz/grange-hall-restaurant-dallas
449,The Heights,https://m.yelp.com//biz/the-heights-dallas
450,Old Hag’s Pizza & Pasta,https://m.yelp.com//biz/old-hags-pizza-and-pasta-dallas
451,Roti Modern Mediterranean,https://m.yelp.com//biz/roti-modern-mediterranean-dallas
452,Bona Pizza,https://m.yelp.com//biz/bona-pizza-dallas
453,Burguesa Burger,https://m.yelp.com//biz/burguesa-burger-dallas-4
454,Olive Garden Italian Restaurant,https://m.yelp.com//biz/olive-garden-italian-restaurant-dallas-3
455,Miriam Cocina Latina,https://m.yelp.com//biz/miriam-cocina-latina-dallas-2
456,Piggie Pies Pizza & Pasta,https://m.yelp.com//biz/piggie-pies-pizza-and-pasta-dallas-2
457,Pho Is For Lovers,https://m.yelp.com//biz/pho-is-for-lovers-dallas-2
458,Mimi’s Pizzeria,https://m.yelp.com//biz/mimis-pizzeria-dallas
459,Fadi’s Mediterranean Grill,https://m.yelp.com//biz/fadis-mediterranean-grill-dallas-2
460,Fish City Grill,https://m.yelp.com//biz/fish-city-grill-dallas-2
461,Liberty Burger,https://m.yelp.com//biz/liberty-burger-dallas-4
462,Velvet Taco,https://m.yelp.com//biz/velvet-taco-dallas-6
463,Te Deseo,https://m.yelp.com//biz/te-deseo-dallas
464,Jonathon’s Diner,https://m.yelp.com//biz/jonathons-diner-dallas
465,Sauce Pizza & Wine,https://m.yelp.com//biz/sauce-pizza-and-wine-dallas-4
466,Limon’s Restaurant,https://m.yelp.com//biz/limons-restaurant-dallas
467,Si Lom,https://m.yelp.com//biz/si-lom-dallas
468,Cafe Izmir,https://m.yelp.com//biz/cafe-izmir-dallas-3
469,Harvey B’s,https://m.yelp.com//biz/harvey-bs-dallas-2
470,Five Sixty,https://m.yelp.com//biz/five-sixty-dallas
471,The Corner Market,https://m.yelp.com//biz/the-corner-market-dallas
472,Pōk The Raw Bar,https://m.yelp.com//biz/p%C5%8Dk-the-raw-bar-dallas
473,Ciao! by Civello’s,https://m.yelp.com//biz/ciao-by-civellos-dallas
474,Vegan Food House,https://m.yelp.com//biz/vegan-food-house-dallas
475,Flower Child,https://m.yelp.com//biz/flower-child-dallas-5
476,Simply Fondue,https://m.yelp.com//biz/simply-fondue-dallas-2
477,Mario’s,https://m.yelp.com//biz/marios-dallas
478,Bandito’s Tex-Mex Cantina,https://m.yelp.com//biz/banditos-tex-mex-cantina-dallas
479,Avila’s Mexican Restaurant,https://m.yelp.com//biz/avilas-mexican-restaurant-dallas
480,Bistro 31,https://m.yelp.com//biz/bistro-31-dallas-2
481,Fearing’s Restaurant,https://m.yelp.com//biz/fearings-restaurant-dallas
482,Food From Galilee,https://m.yelp.com//biz/food-from-galilee-dallas
483,Dick’s Last Resort,https://m.yelp.com//biz/dicks-last-resort-dallas-2
484,Chino Chinatown,https://m.yelp.com//biz/chino-chinatown-dallas-2
485,Vegan Food House,https://m.yelp.com//biz/vegan-food-house-dallas
486,Sauce Pizza & Wine,https://m.yelp.com//biz/sauce-pizza-and-wine-dallas-4
487,Green Door Public House,https://m.yelp.com//biz/green-door-public-house-dallas
488,Cafe Madrid,https://m.yelp.com//biz/cafe-madrid-dallas
489,Top Round,https://m.yelp.com//biz/top-round-dallas
490,Five Sixty,https://m.yelp.com//biz/five-sixty-dallas
491,Ocean Prime,https://m.yelp.com//biz/ocean-prime-dallas
492,Eatzi’s Market & Bakery,https://m.yelp.com//biz/eatzis-market-and-bakery-dallas-2
493,Las Huastecas #2,https://m.yelp.com//biz/las-huastecas-2-dallas
494,Flaming Burger,https://m.yelp.com//biz/flaming-burger-dallas
495,The Heights,https://m.yelp.com//biz/the-heights-dallas
496,Stanley’s Catfish Inn,https://m.yelp.com//biz/stanleys-catfish-inn-dallas
497,Mario’s,https://m.yelp.com//biz/marios-dallas
498,The Halal Guys,https://m.yelp.com//biz/the-halal-guys-dallas-4
499,Mami Coco,https://m.yelp.com//biz/mami-coco-dallas-2
500,Nora Restaurant and Bar,https://m.yelp.com//biz/nora-restaurant-and-bar-dallas
501,East Hampton Sandwich,https://m.yelp.com//biz/east-hampton-sandwich-dallas-2
502,Burguesa Burger,https://m.yelp.com//biz/burguesa-burger-dallas-4
503,Kotta Sushi Lounge Dallas,https://m.yelp.com//biz/kotta-sushi-lounge-dallas-dallas
504,Haystack Burgers & Barley,https://m.yelp.com//biz/haystack-burgers-and-barley-dallas-2
505,El Vecino,https://m.yelp.com//biz/el-vecino-dallas-2
506,TJ’s Seafood Market,https://m.yelp.com//biz/tjs-seafood-market-dallas-3
507,Seafood On The Run,https://m.yelp.com//biz/seafood-on-the-run-dallas
508,Andrea’s Italian Restaurant,https://m.yelp.com//biz/andreas-italian-restaurant-dallas-2
509,Cafe 43,https://m.yelp.com//biz/cafe-43-dallas
510,Digg’s Taco Shop,https://m.yelp.com//biz/diggs-taco-shop-dallas
511,East Hampton Sandwich Co,https://m.yelp.com//biz/east-hampton-sandwich-co-dallas-4
512,Open Palette,https://m.yelp.com//biz/open-palette-dallas-2
513,Nora Restaurant and Bar,https://m.yelp.com//biz/nora-restaurant-and-bar-dallas
514,Blue Sushi Sake Grill,https://m.yelp.com//biz/blue-sushi-sake-grill-dallas-3
515,Top Round,https://m.yelp.com//biz/top-round-dallas
516,Malai Kitchen,https://m.yelp.com//biz/malai-kitchen-dallas
517,Strokers Ice House Bar & Grill,https://m.yelp.com//biz/strokers-ice-house-bar-and-grill-dallas
518,Chino Chinatown,https://m.yelp.com//biz/chino-chinatown-dallas-2
519,The Halal Guys,https://m.yelp.com//biz/the-halal-guys-dallas-4
520,Souk Mediterranean Bistro & Bar,https://m.yelp.com//biz/souk-mediterranean-bistro-and-bar-dallas
521,Mesero - Inwood Village,https://m.yelp.com//biz/mesero-inwood-village-dallas-3
522,Seafood On The Run,https://m.yelp.com//biz/seafood-on-the-run-dallas
523,Cedar & Vine - Community Kitchen & Cocktails,https://m.yelp.com//biz/cedar-and-vine-community-kitchen-and-cocktails-dallas
524,Tacos la Banqueta,https://m.yelp.com//biz/tacos-la-banqueta-dallas
525,Bistro B,https://m.yelp.com//biz/bistro-b-dallas
526,Liberty Burger - Forest & Inwood,https://m.yelp.com//biz/liberty-burger-forest-and-inwood-dallas
527,Happy Eats,https://m.yelp.com//biz/happy-eats-dallas-2
528,Perle on Maple at the Stoneleigh,https://m.yelp.com//biz/perle-on-maple-at-the-stoneleigh-dallas
529,Mille Lire,https://m.yelp.com//biz/mille-lire-dallas-2
530,Charlie’s Creole Kitchen,https://m.yelp.com//biz/charlies-creole-kitchen-dallas
531,Bistro 31,https://m.yelp.com//biz/bistro-31-dallas-2
532,Arepa Nation,https://m.yelp.com//biz/arepa-nation-dallas
533,Antojitos Jalisco’s,https://m.yelp.com//biz/antojitos-jaliscos-dallas
534,Olivella’s Neo Pizza Napoletana,https://m.yelp.com//biz/olivellas-neo-pizza-napoletana-dallas-4
535,Grimaldi’s Pizzeria,https://m.yelp.com//biz/grimaldis-pizzeria-dallas
536,The Island Spot,https://m.yelp.com//biz/the-island-spot-dallas
537,Snuffer’s Restaurant & Bar,https://m.yelp.com//biz/snuffers-restaurant-and-bar-dallas-4
538,Green Door Public House,https://m.yelp.com//biz/green-door-public-house-dallas
539,Bo-Leo’s Taco Shack,https://m.yelp.com//biz/bo-leo-s-taco-shack-dallas
540,Fine China,https://m.yelp.com//biz/fine-china-dallas
541,Parigi Restaurant,https://m.yelp.com//biz/parigi-restaurant-dallas
542,Dick’s Last Resort,https://m.yelp.com//biz/dicks-last-resort-dallas-2
543,Highland Park Cafeteria,https://m.yelp.com//biz/highland-park-cafeteria-dallas
544,Pho Kitchen,https://m.yelp.com//biz/pho-kitchen-dallas
545,East Hampton Sandwich,https://m.yelp.com//biz/east-hampton-sandwich-dallas-2
546,Tutta’s Pizza,https://m.yelp.com//biz/tuttas-pizza-dallas-2
547,Mangiamo Italian Restaurant,https://m.yelp.com//biz/mangiamo-italian-restaurant-dallas
548,Eatzi’s Market & Bakery,https://m.yelp.com//biz/eatzis-market-and-bakery-dallas-2
549,House of Blues Restaurant & Bar,https://m.yelp.com//biz/house-of-blues-restaurant-and-bar-dallas-2
550,Marie’s Kitchen,https://m.yelp.com//biz/marie-s-kitchen-dallas-2
551,Kuby’s Sausage House,https://m.yelp.com//biz/kubys-sausage-house-dallas
552,Shake Shack,https://m.yelp.com//biz/shake-shack-dallas-5
553,Crickles and Co,https://m.yelp.com//biz/crickles-and-co-dallas-2
554,Slater’s 50/50,https://m.yelp.com//biz/slaters-50-50-dallas-5
555,Salsa Limón Flor De Mayo,https://m.yelp.com//biz/salsa-lim%C3%B3n-flor-de-mayo-dallas
556,Wing Shack,https://m.yelp.com//biz/wing-shack-dallas
557,Gloria’s Latin Cuisine,https://m.yelp.com//biz/glorias-latin-cuisine-dallas-2
558,Buzzbrews - Central The Original,https://m.yelp.com//biz/buzzbrews-central-the-original-dallas
559,Pizza Getti,https://m.yelp.com//biz/pizza-getti-dallas
560,Youlim Korean Restaurant,https://m.yelp.com//biz/youlim-korean-restaurant-dallas
561,Luna Grill - The Hill,https://m.yelp.com//biz/luna-grill-the-hill-dallas
562,Medieval Times Dinner & Tournament,https://m.yelp.com//biz/medieval-times-dinner-and-tournament-dallas
563,Local Traveler,https://m.yelp.com//biz/local-traveler-dallas
564,Fresh Market,https://m.yelp.com//biz/fresh-market-dallas
565,Unleavened Fresh Kitchen,https://m.yelp.com//biz/unleavened-fresh-kitchen-dallas-3
566,Foxyco,https://m.yelp.com//biz/foxyco-dallas-3
567,Andrea’s Italian Restaurant,https://m.yelp.com//biz/andreas-italian-restaurant-dallas-2
568,Royal Wok Chinese Restaurant,https://m.yelp.com//biz/royal-wok-chinese-restaurant-dallas-2
569,Jed’s Grill,https://m.yelp.com//biz/jeds-grill-dallas-2
570,The Corner Market,https://m.yelp.com//biz/the-corner-market-dallas
571,Saltgrass Steak House,https://m.yelp.com//biz/saltgrass-steak-house-dallas-2
572,Good Companions,https://m.yelp.com//biz/good-companions-dallas
573,read more,https://m.yelp.com//biz/olivellas-neo-pizza-napoletana-dallas-6?hrid=gOu6vQG64a5EibFzJzS9NA
574,read more,https://m.yelp.com//biz/the-island-spot-dallas?hrid=UYDMNtMskYCi_OWg6oGwhw
575,read more,https://m.yelp.com//biz/18th-and-vine-barbeque-dallas?hrid=pwBZV2SI_DKXEeUMsoMcJA
576,read more,https://m.yelp.com//biz/fireside-pies-dallas-3?hrid=W62bJ0JlyAhI15BsuVHOLA
577,read more,https://m.yelp.com//biz/dibs-on-victory-dallas?hrid=XB-q4sH_9G7kLGzHniiq3g
578,read more,https://m.yelp.com//biz/strokers-ice-house-bar-and-grill-dallas?hrid=HvVUPH2q9jYr5GjNw2S2JA
579,read more,https://m.yelp.com//biz/dakotas-steakhouse-dallas-2?hrid=CAPyxrKE40gNTx3paM5QKw
580,read more,https://m.yelp.com//biz/cesars-tacos-dallas?hrid=EYNQBVMdWXk6t1keHyBmBA
581,read more,https://m.yelp.com//biz/meerut-kabob-house-dallas?hrid=Fcc0qdLlLh_8lY_MNfuuiA
582,read more,https://m.yelp.com//biz/half-shells-dallas-2?hrid=ou6VP2rUAhalnQ80pd6mcw
583,read more,https://m.yelp.com//biz/zizi-ramen-and-sushi-dallas?hrid=x4R3QRrQzNaj6LDHybtP6Q
584,read more,https://m.yelp.com//biz/cindis-ny-deli-and-restaurant-dallas-5?hrid=RYDnZ8i9cjlwqwtzWZigmw
585,read more,https://m.yelp.com//biz/chefs-gallery-dallas?hrid=tE638t5Ntt81t-4xwIvDzQ
586,read more,https://m.yelp.com//biz/pho-kitchen-dallas?hrid=1Plz6w8x8JliDYE7hDupYw
587,read more,https://m.yelp.com//biz/sandwich-hag-dallas?hrid=5pXyHNrkg83AEeJAFatoGw
588,read more,https://m.yelp.com//biz/yenat-guada-ethiopian-cuisine-dallas-4?hrid=PUfC8sX-c_i7udRMIH4ELQ
589,read more,https://m.yelp.com//biz/dive-coastal-cuisine-dallas?hrid=GF8B0V_x226pPr7wuPqXSg
590,read more,https://m.yelp.com//biz/poke-bop-dallas-2?hrid=nZb89a0HpP7kOUV_UtS9-A
591,read more,https://m.yelp.com//biz/komali-dallas?hrid=oQkqspG-6cRDqXV7X5LUpg
592,read more,https://m.yelp.com//biz/pho-anah-dallas?hrid=N8RlyCFuqPZfE3N63hwbYg
593,read more,https://m.yelp.com//biz/adelmos-ristorante-dallas-2?hrid=t9NQpFtjKs-PAc80l41_mQ
594,read more,https://m.yelp.com//biz/buzzbrews-central-the-original-dallas?hrid=sm0cRGJVlU4H503yz1kPNQ
595,read more,https://m.yelp.com//biz/cedar-springs-tap-house-dallas-2?hrid=p9HcLkO4znAhWtRLxWlyKA
596,read more,https://m.yelp.com//biz/bluegreen-canteen-dallas-2?hrid=KcexFRHdbaiWeMjs34DHBg
597,read more,https://m.yelp.com//biz/village-burger-bar-dallas?hrid=K7yXB3IT1rerXJ_rRQeitA
598,read more,https://m.yelp.com//biz/del-friscos-grille-dallas?hrid=oQwghEdVtutIbPT39QNV6g
599,read more,https://m.yelp.com//biz/open-palette-dallas-2?hrid=lb031XugoGLEI1yhTIyL1g
600,Uncle Julio’s,https://m.yelp.com//biz/uncle-julios-dallas-6
601,AGU Ramen - Mockingbird,https://m.yelp.com//biz/agu-ramen-mockingbird-dallas
602,La Victoria,https://m.yelp.com//biz/la-victoria-dallas
603,The Original Snappy Catfish,https://m.yelp.com//biz/the-original-snappy-catfish-dallas-3
604,Cretia’s Eatery & Bake Shoppe,https://m.yelp.com//biz/cretias-eatery-and-bake-shoppe-dallas-4
605,Unleavened Fresh Kitchen,https://m.yelp.com//biz/unleavened-fresh-kitchen-dallas-3
606,Torchy’s Tacos,https://m.yelp.com//biz/torchys-tacos-dallas-2
607,Mi Cocina,https://m.yelp.com//biz/mi-cocina-dallas-14
608,Rex’s Seafood and Market,https://m.yelp.com//biz/rexs-seafood-and-market-dallas-2
609,Cold Beer Company,https://m.yelp.com//biz/cold-beer-company-dallas-4
610,Alamo Drafthouse Cinema Cedars,https://m.yelp.com//biz/alamo-drafthouse-cinema-cedars-dallas-3
611,Howard Wang’s Uptown,https://m.yelp.com//biz/howard-wangs-uptown-dallas
612,Foxyco,https://m.yelp.com//biz/foxyco-dallas-3
613,Sushi Axiom - Dallas,https://m.yelp.com//biz/sushi-axiom-dallas-dallas-4
614,Slater’s 50/50,https://m.yelp.com//biz/slaters-50-50-dallas
615,Nick and Sam’s Grill,https://m.yelp.com//biz/nick-and-sams-grill-dallas-4
616,Tortillas La Norteña,https://m.yelp.com//biz/tortillas-la-norte%C3%B1a-dallas
617,Unleavened Fresh Kitchen,https://m.yelp.com//biz/unleavened-fresh-kitchen-dallas-8
618,Roti Grill,https://m.yelp.com//biz/roti-grill-dallas
619,TGI Fridays,https://m.yelp.com//biz/tgi-fridays-dallas-3
620,Elotes Fanny,https://m.yelp.com//biz/elotes-fanny-dallas
621,Delucca Gaucho Pizza & Wine,https://m.yelp.com//biz/delucca-gaucho-pizza-and-wine-dallas-2
622,Mi Cocina,https://m.yelp.com//biz/mi-cocina-dallas-12
623,Pizza Lounge,https://m.yelp.com//biz/pizza-lounge-dallas
624,Slater’s 50/50,https://m.yelp.com//biz/slaters-50-50-dallas-5
625,Campisi’s Restaurant,https://m.yelp.com//biz/campisis-restaurant-dallas-16
626,Miriam Cocina Latina,https://m.yelp.com//biz/miriam-cocina-latina-dallas-2
627,Pizza Getti,https://m.yelp.com//biz/pizza-getti-dallas
628,Jed’s Grill,https://m.yelp.com//biz/jeds-grill-dallas-2
629,Yolk Preston Center,https://m.yelp.com//biz/yolk-preston-center-dallas-3
